,Mean %ile,Median %ile
25-26 Salary,60.8535113583953,67.29955661318411
Model NL Salary,73.01424892790752,77.0719789715285
RPB Salary,50.0,50.0
PW,62.389947475336356,64.30742018599273
