,Total Cost,Avg Cost per Person,Median Cost per Person,Num Raised,Headcount
PW,203172.3776513104,2604.7740724526975,1592.3899999999994,78,78
NLM,393158.7325559333,5040.4965712299145,2959.6315019530302,78,78
RPB,176691.6400000001,2265.277435897437,1428.9900000000052,78,78
