,Total Cost,Avg Cost per Person,Num Raised,Headcount,Real Headcount,Scale Factor
CONS,"$282,020","$3,220",73,90,87,0.9722222222222222
CONS_CAP,"$277,130","$3,170",73,90,87,0.9722222222222222
All +2%,"$121,290","$1,390",50,90,87,0.9722222222222222
